time,amount
00:00:00,0.0
01:00:00,0.0
02:00:00,0.0
03:00:00,0.0
04:00:00,0.0
05:00:00,0.0
06:00:00,0.236868
07:00:00,4.72987
08:00:00,14.781
09:00:00,26.1331
10:00:00,33.346
11:00:00,42.5696
12:00:00,48.3635
13:00:00,53.5664
14:00:00,50.7289
15:00:00,49.9009
16:00:00,39.7317
17:00:00,30.39
18:00:00,17.9739
19:00:00,5.55779
20:00:00,0.9456
21:00:00,0.0
22:00:00,0.0
23:00:00,0.0
