time,amount
00:00:00,0.0
01:00:00,0.0
02:00:00,0.0
03:00:00,0.0
04:00:00,0.0
05:00:00,0.0
06:00:00,0.340752
07:00:00,4.33379
08:00:00,14.0227
09:00:00,26.001
10:00:00,34.6678
11:00:00,42.8965
12:00:00,45.8903
13:00:00,52.266
14:00:00,50.6384
15:00:00,44.2597
16:00:00,34.8626
17:00:00,26.0279
18:00:00,16.003
19:00:00,5.74804
20:00:00,1.10364
21:00:00,0.0
22:00:00,0.0
23:00:00,0.0
