time,amount
00:00:00,0.0
01:00:00,0.0
02:00:00,0.0
03:00:00,0.0
04:00:00,0.0
05:00:00,0.0
06:00:00,0.354928
07:00:00,4.02077
08:00:00,12.8887
09:00:00,24.0047
10:00:00,32.8734
11:00:00,42.3331
12:00:00,43.3971
13:00:00,52.1459
14:00:00,50.7289
15:00:00,40.0862
16:00:00,21.4028
17:00:00,4.0
18:00:00,6.0
19:00:00,4.0
20:00:00,2.0
21:00:00,0.0
22:00:00,0.0
23:00:00,0.0
