time,amount
00:00:00,0.0
01:00:00,0.0
02:00:00,0.0
03:00:00,0.0
04:00:00,0.0
05:00:00,0.0
06:00:00,0.419702
07:00:00,4.34617
08:00:00,14.9077
09:00:00,29.282
10:00:00,39.233
11:00:00,45.1007
12:00:00,50.1959
13:00:00,48.9875
14:00:00,49.4939
15:00:00,48.2595
16:00:00,38.4994
17:00:00,28.4117
18:00:00,14.0045
19:00:00,4.65569
20:00:00,0.549596
21:00:00,0.0
22:00:00,0.0
23:00:00,0.0
