time,amount
00:00:00,0.0
01:00:00,0.0
02:00:00,0.0
03:00:00,0.0
04:00:00,0.0
05:00:00,0.0
06:00:00,0.0
07:00:00,1.00741
08:00:00,3.64082
09:00:00,8.7713
10:00:00,14.8436
11:00:00,18.0224
12:00:00,35.0
13:00:00,22.0
14:00:00,18.0
15:00:00,10.0
16:00:00,10.0
17:00:00,17.0
18:00:00,24.0
19:00:00,7.0
20:00:00,0.0
21:00:00,0.0
22:00:00,0.0
23:00:00,0.0
