time,amount
00:00:00,0.0
01:00:00,0.0
02:00:00,0.0
03:00:00,0.0
04:00:00,0.0
05:00:00,0.0
06:00:00,0.475393
07:00:00,4.27695
08:00:00,10.2963
09:00:00,22.8113
10:00:00,30.7315
11:00:00,29.2468
12:00:00,33.0
13:00:00,27.0
14:00:00,56.0
15:00:00,40.0
16:00:00,21.0
17:00:00,30.0
18:00:00,20.0
19:00:00,7.0
20:00:00,2.0
21:00:00,0.0
22:00:00,0.0
23:00:00,0.0
