time,amount
00:00:00,0.0
01:00:00,0.0
02:00:00,0.0
03:00:00,0.0
04:00:00,0.0
05:00:00,0.0
06:00:00,0.485204
07:00:00,4.36615
08:00:00,13.5143
09:00:00,26.5517
10:00:00,38.8104
11:00:00,44.239
12:00:00,42.6299
13:00:00,48.8525
14:00:00,49.0987
15:00:00,48.9135
16:00:00,36.1617
17:00:00,26.6744
18:00:00,16.3867
19:00:00,6.88696
20:00:00,1.57537
21:00:00,0.0
22:00:00,0.0
23:00:00,0.0
