time,amount
00:00:00,0.0
01:00:00,0.0
02:00:00,0.0
03:00:00,0.0
04:00:00,0.0
05:00:00,0.0
06:00:00,0.408121
07:00:00,6.26434
08:00:00,20.6978
09:00:00,38.6724
10:00:00,52.9685
11:00:00,62.0935
12:00:00,73.0
13:00:00,89.0
14:00:00,78.0
15:00:00,78.0
16:00:00,67.0
17:00:00,44.0
18:00:00,21.0
19:00:00,8.0
20:00:00,0.0
21:00:00,0.0
22:00:00,0.0
23:00:00,0.0
