time,amount
00:00:00,0.0
01:00:00,0.0
02:00:00,0.0
03:00:00,0.0
04:00:00,0.0
05:00:00,0.0
06:00:00,0.538037
07:00:00,4.83961
08:00:00,14.9798
09:00:00,29.4315
10:00:00,43.0195
11:00:00,49.0377
12:00:00,47.2532
13:00:00,54.1529
14:00:00,54.4255
15:00:00,54.2186
16:00:00,40.0842
17:00:00,29.5674
18:00:00,18.164
19:00:00,7.63476
20:00:00,1.74513
21:00:00,0.0
22:00:00,0.0
23:00:00,0.0
