time,amount
00:00:00,0.0
01:00:00,0.0
02:00:00,0.0
03:00:00,0.0
04:00:00,0.0
05:00:00,0.0
06:00:00,0.207167
07:00:00,1.86218
08:00:00,5.76393
09:00:00,11.3249
10:00:00,16.5533
11:00:00,18.8695
12:00:00,18.1824
13:00:00,20.8386
14:00:00,20.9433
15:00:00,20.8627
16:00:00,15.4242
17:00:00,11.3771
18:00:00,6.98939
19:00:00,2.93833
20:00:00,0.670785
21:00:00,0.0
22:00:00,0.0
23:00:00,0.0
