time,amount
00:00:00,0.0
01:00:00,0.0
02:00:00,0.0
03:00:00,0.0
04:00:00,0.0
05:00:00,0.0
06:00:00,0.475392
07:00:00,5.22773
08:00:00,15.9994
09:00:00,29.6225
10:00:00,44.6718
11:00:00,48.1568
12:00:00,40.7113
13:00:00,46.8908
14:00:00,47.2072
15:00:00,49.8995
16:00:00,39.2858
17:00:00,31.5234
18:00:00,19.1679
19:00:00,7.60408
20:00:00,1.42492
21:00:00,0.0
22:00:00,0.0
23:00:00,0.0
