time,amount
00:00:00,0.0
01:00:00,0.0
02:00:00,0.0
03:00:00,0.0
04:00:00,0.0
05:00:00,0.0
06:00:00,0.203241
07:00:00,2.23036
08:00:00,6.82411
09:00:00,12.6341
10:00:00,19.0539
11:00:00,20.5404
12:00:00,17.3641
13:00:00,20.0041
14:00:00,20.1382
15:00:00,21.2842
16:00:00,16.7565
17:00:00,13.445
18:00:00,8.17657
19:00:00,3.24445
20:00:00,0.605489
21:00:00,0.0
22:00:00,0.0
23:00:00,0.0
