time,amount
00:00:00,0.0
01:00:00,0.0
02:00:00,0.0
03:00:00,0.0
04:00:00,0.0
05:00:00,0.0
06:00:00,0.1362
07:00:00,1.6898
08:00:00,6.28566
09:00:00,12.2297
10:00:00,19.3923
11:00:00,20.9416
12:00:00,19.4476
13:00:00,23.2923
14:00:00,22.6826
15:00:00,21.3386
16:00:00,16.6746
17:00:00,10.5368
18:00:00,6.61664
19:00:00,6.0
20:00:00,2.0
21:00:00,0.0
22:00:00,0.0
23:00:00,0.0
